{"cameraMode":{"drawMode":0,"name":"Shaded","section":"Shading Mode"},"sceneLighting":true,"audioPlay":false,"sceneViewState":{"showFog":true,"showMaterialUpdate":false,"showSkybox":true,"showFlares":true,"showImageEffects":true,"showParticleSystems":true},"in2DMode":false,"pivot":{"x":-337.5100402832031,"y":-680.0811157226563,"z":-87.95175170898438},"rotation":{"x":-0.307236909866333,"y":0.6545372009277344,"z":-0.33218133449554446,"w":-0.6058221459388733},"size":744.4816284179688,"orthographic":false}